size,std::sort,quickSort,heapSort,shakerSort
100,0.079741,0.099248,0.093778,0.544845
200,0.146468,0.205059,0.25798,1.94237
500,0.427672,0.57354,0.709518,12.5521
1000,0.962258,1.3095,1.28023,50.5392
2000,2.06981,2.96198,2.76574,202.25
5000,6.93094,8.24928,7.31792,1253.84
10000,11.5983,17.7333,16.0215,5008.28
20000,25.293,36.7737,35.6877,19844.7
50000,69.2045,101.451,107.676,128706
100000,147.328,215.556,248.127,568401
