size,std::sort,quickSort,heapSort,shakerSort
100,0.123535,0.160234,0.167057,0.675794
200,0.197345,0.30025,0.282847,2.32769
500,0.570194,0.818615,0.780784,15.8705
1000,2.0185,1.69208,1.50683,66.6958
2000,2.87793,3.79146,3.34538,309.274
5000,10.6504,11.7646,8.91591,1752.1
10000,17.1652,22.8133,19.8385,5986.79
20000,29.6059,34.0993,32.1239,20692.3
50000,80.4051,118.58,130.355,133252
100000,156.054,201.99,225.002,522435
